value,median_cost
1,8.403970576746229
5,6.735883706444552
10,7.463873697380656
15,7.090828507992467
20,7.176704165702374
25,6.6047530893424735
